{
    "{'country': 'United States', 'postal_code': '90210'}": {
        "error": "",
        "response": {}
    },
    "{'country': 'United States', 'postal_code': '90001'}": {
        "error": "",
        "response": {}
    },
    "{'country': 'United States', 'postal_code': '02478'}": {
        "error": "",
        "response": {}
    },
    "{'country': 'US', 'postal_code': '02178'}": {
        "error": "",
        "response": {
            "post code": "02178",
            "country": "United States",
            "country abbreviation": "US",
            "places": [
                {
                    "place name": "Belmont",
                    "longitude": "-71.4594",
                    "state": "Massachusetts",
                    "state abbreviation": "MA",
                    "latitude": "42.4464"
                }
            ]
        }
    },
    "{'country': 'US', 'postal_code': '02478'}": {
        "error": "",
        "response": {
            "post code": "02478",
            "country": "United States",
            "country abbreviation": "US",
            "places": [
                {
                    "place name": "Belmont",
                    "longitude": "-71.2044",
                    "state": "Massachusetts",
                    "state abbreviation": "MA",
                    "latitude": "42.4128"
                }
            ]
        }
    },
    "{'country': 'us', 'postal_code': '02478'}": {
        "error": "",
        "response": {
            "post code": "02478",
            "country": "United States",
            "country abbreviation": "US",
            "places": [
                {
                    "place name": "Belmont",
                    "longitude": "-71.2044",
                    "state": "Massachusetts",
                    "state abbreviation": "MA",
                    "latitude": "42.4128"
                }
            ]
        }
    },
    "{'country': 'us', 'postal_code': '02108'}": {
        "error": "",
        "response": {
            "post code": "02108",
            "country": "United States",
            "country abbreviation": "US",
            "places": [
                {
                    "place name": "Boston",
                    "longitude": "-71.0684",
                    "state": "Massachusetts",
                    "state abbreviation": "MA",
                    "latitude": "42.3576"
                }
            ]
        }
    },
    "{'country': 'US', 'postal_code': '90001'}": {
        "error": "",
        "response": {
            "post code": "90001",
            "country": "United States",
            "country abbreviation": "US",
            "places": [
                {
                    "place name": "Los Angeles",
                    "longitude": "-118.2479",
                    "state": "California",
                    "state abbreviation": "CA",
                    "latitude": "33.9731"
                }
            ]
        }
    },
    "{'country': 'United States', 'postal_code': '10001'}": {
        "error": "",
        "response": {}
    },
    "{'country': 'United States', 'postal_code': '10013'}": {
        "error": "",
        "response": {}
    },
    "{'country': 'United States', 'postal_code': '10002'}": {
        "error": "",
        "response": {}
    },
    "{'country': 'US', 'postal_code': '10001'}": {
        "error": "",
        "response": {
            "post code": "10001",
            "country": "United States",
            "country abbreviation": "US",
            "places": [
                {
                    "place name": "New York City",
                    "longitude": "-73.9967",
                    "state": "New York",
                    "state abbreviation": "NY",
                    "latitude": "40.7484"
                }
            ]
        }
    },
    "{'country': 'United States', 'postal_code': 'New York'}": {
        "error": "",
        "response": {}
    },
    "{'country': 'United States', 'postal_code': '10019'}": {
        "error": "",
        "response": {}
    },
    "{'country': 'United States', 'postal_code': '92101'}": {
        "error": "",
        "response": {}
    },
    "{'country': 'United States', 'postal_code': 'San Diego'}": {
        "error": "",
        "response": {}
    },
    "{'country': 'US', 'postal_code': '90210'}": {
        "error": "",
        "response": {
            "post code": "90210",
            "country": "United States",
            "country abbreviation": "US",
            "places": [
                {
                    "place name": "Beverly Hills",
                    "longitude": "-118.4065",
                    "state": "California",
                    "state abbreviation": "CA",
                    "latitude": "34.0901"
                }
            ]
        }
    },
    "{'country': 'us', 'postal_code': '90210'}": {
        "error": "",
        "response": {
            "post code": "90210",
            "country": "United States",
            "country abbreviation": "US",
            "places": [
                {
                    "place name": "Beverly Hills",
                    "longitude": "-118.4065",
                    "state": "California",
                    "state abbreviation": "CA",
                    "latitude": "34.0901"
                }
            ]
        }
    },
    "{'country': 'United States', 'postal_code': '92121'}": {
        "error": "",
        "response": {}
    },
    "{'country': 'United States', 'postal_code': '32.7157,-117.1611'}": {
        "error": "",
        "response": {}
    },
    "{'country': 'United States', 'postal_code': '92110'}": {
        "error": "",
        "response": {}
    },
    "{'country': 'United States', 'postal_code': '92102'}": {
        "error": "",
        "response": {}
    },
    "{'country': 'United States', 'postal_code': '92111'}": {
        "error": "",
        "response": {}
    },
    "{'country': 'us', 'postal_code': '10001'}": {
        "error": "",
        "response": {
            "post code": "10001",
            "country": "United States",
            "country abbreviation": "US",
            "places": [
                {
                    "place name": "New York City",
                    "longitude": "-73.9967",
                    "state": "New York",
                    "state abbreviation": "NY",
                    "latitude": "40.7484"
                }
            ]
        }
    },
    "{'country': 'us', 'postal_code': '77002'}": {
        "error": "",
        "response": {
            "post code": "77002",
            "country": "United States",
            "country abbreviation": "US",
            "places": [
                {
                    "place name": "Houston",
                    "longitude": "-95.3594",
                    "state": "Texas",
                    "state abbreviation": "TX",
                    "latitude": "29.7594"
                }
            ]
        }
    },
    "{'country': 'US', 'postal_code': '98101'}": {
        "error": "",
        "response": {
            "post code": "98101",
            "country": "United States",
            "country abbreviation": "US",
            "places": [
                {
                    "place name": "Seattle",
                    "longitude": "-122.3305",
                    "state": "Washington",
                    "state abbreviation": "WA",
                    "latitude": "47.6114"
                }
            ]
        }
    },
    "{'country': 'US', 'postal_code': '77002'}": {
        "error": "",
        "response": {
            "post code": "77002",
            "country": "United States",
            "country abbreviation": "US",
            "places": [
                {
                    "place name": "Houston",
                    "longitude": "-95.3594",
                    "state": "Texas",
                    "state abbreviation": "TX",
                    "latitude": "29.7594"
                }
            ]
        }
    },
    "{'country': 'US', 'postal_code': '94102'}": {
        "error": "",
        "response": {
            "post code": "94102",
            "country": "United States",
            "country abbreviation": "US",
            "places": [
                {
                    "place name": "San Francisco",
                    "longitude": "-122.4167",
                    "state": "California",
                    "state abbreviation": "CA",
                    "latitude": "37.7813"
                }
            ]
        }
    },
    "{'country': 'US', 'postal_code': '60601'}": {
        "error": "",
        "response": {
            "post code": "60601",
            "country": "United States",
            "country abbreviation": "US",
            "places": [
                {
                    "place name": "Chicago",
                    "longitude": "-87.6181",
                    "state": "Illinois",
                    "state abbreviation": "IL",
                    "latitude": "41.8858"
                }
            ]
        }
    },
    "{'country': 'us', 'postal_code': '98101'}": {
        "error": "",
        "response": {
            "post code": "98101",
            "country": "United States",
            "country abbreviation": "US",
            "places": [
                {
                    "place name": "Seattle",
                    "longitude": "-122.3305",
                    "state": "Washington",
                    "state abbreviation": "WA",
                    "latitude": "47.6114"
                }
            ]
        }
    },
    "{'country': 'us', 'postal_code': '90001'}": {
        "error": "",
        "response": {
            "post code": "90001",
            "country": "United States",
            "country abbreviation": "US",
            "places": [
                {
                    "place name": "Los Angeles",
                    "longitude": "-118.2479",
                    "state": "California",
                    "state abbreviation": "CA",
                    "latitude": "33.9731"
                }
            ]
        }
    },
    "{'country': 'US', 'postal_code': '02138'}": {
        "error": "",
        "response": {
            "post code": "02138",
            "country": "United States",
            "country abbreviation": "US",
            "places": [
                {
                    "place name": "Cambridge",
                    "longitude": "-71.1256",
                    "state": "Massachusetts",
                    "state abbreviation": "MA",
                    "latitude": "42.377"
                }
            ]
        }
    },
    "{'country': 'US', 'postal_code': '90211'}": {
        "error": "",
        "response": {
            "post code": "90211",
            "country": "United States",
            "country abbreviation": "US",
            "places": [
                {
                    "place name": "Beverly Hills",
                    "longitude": "-118.383",
                    "state": "California",
                    "state abbreviation": "CA",
                    "latitude": "34.0652"
                }
            ]
        }
    },
    "{'country': 'us', 'postal_code': 'belmont'}": {
        "error": "",
        "response": {}
    },
    "{'country': 'us', 'postal_code': '02492'}": {
        "error": "",
        "response": {
            "post code": "02492",
            "country": "United States",
            "country abbreviation": "US",
            "places": [
                {
                    "place name": "Needham",
                    "longitude": "-71.2501",
                    "state": "Massachusetts",
                    "state abbreviation": "MA",
                    "latitude": "42.2798"
                }
            ]
        }
    },
    "{'country': 'us', 'postal_code': '02494'}": {
        "error": "",
        "response": {
            "post code": "02494",
            "country": "United States",
            "country abbreviation": "US",
            "places": [
                {
                    "place name": "Needham",
                    "longitude": "-71.2321",
                    "state": "Massachusetts",
                    "state abbreviation": "MA",
                    "latitude": "42.2997"
                }
            ]
        }
    },
    "{'country': 'us', 'postal_code': '02495'}": {
        "error": "",
        "response": {
            "post code": "02495",
            "country": "United States",
            "country abbreviation": "US",
            "places": [
                {
                    "place name": "Nonantum",
                    "longitude": "-71.4594",
                    "state": "Massachusetts",
                    "state abbreviation": "MA",
                    "latitude": "42.4464"
                }
            ]
        }
    },
    "{'country': 'us', 'postal_code': '02420'}": {
        "error": "",
        "response": {
            "post code": "02420",
            "country": "United States",
            "country abbreviation": "US",
            "places": [
                {
                    "place name": "Lexington",
                    "longitude": "-71.2166",
                    "state": "Massachusetts",
                    "state abbreviation": "MA",
                    "latitude": "42.4563"
                }
            ]
        }
    },
    "{'country': 'us', 'postal_code': '02139'}": {
        "error": "",
        "response": {
            "post code": "02139",
            "country": "United States",
            "country abbreviation": "US",
            "places": [
                {
                    "place name": "Cambridge",
                    "longitude": "-71.1042",
                    "state": "Massachusetts",
                    "state abbreviation": "MA",
                    "latitude": "42.3647"
                }
            ]
        }
    },
    "{'country': 'us', 'postal_code': '02474'}": {
        "error": "",
        "response": {
            "post code": "02474",
            "country": "United States",
            "country abbreviation": "US",
            "places": [
                {
                    "place name": "Arlington",
                    "longitude": "-71.1565",
                    "state": "Massachusetts",
                    "state abbreviation": "MA",
                    "latitude": "42.4202"
                }
            ]
        }
    },
    "{'country': 'us', 'postal_code': '02446'}": {
        "error": "",
        "response": {
            "post code": "02446",
            "country": "United States",
            "country abbreviation": "US",
            "places": [
                {
                    "place name": "Brookline",
                    "longitude": "-71.123",
                    "state": "Massachusetts",
                    "state abbreviation": "MA",
                    "latitude": "42.3431"
                }
            ]
        }
    },
    "{'country': 'us', 'postal_code': '02178'}": {
        "error": "",
        "response": {
            "post code": "02178",
            "country": "United States",
            "country abbreviation": "US",
            "places": [
                {
                    "place name": "Belmont",
                    "longitude": "-71.4594",
                    "state": "Massachusetts",
                    "state abbreviation": "MA",
                    "latitude": "42.4464"
                }
            ]
        }
    },
    "{'country': 'us', 'postal_code': '02472'}": {
        "error": "",
        "response": {
            "post code": "02472",
            "country": "United States",
            "country abbreviation": "US",
            "places": [
                {
                    "place name": "Watertown",
                    "longitude": "-71.1773",
                    "state": "Massachusetts",
                    "state abbreviation": "MA",
                    "latitude": "42.37"
                }
            ]
        }
    },
    "{'country': 'us', 'postal_code': '02479'}": {
        "error": "",
        "response": {
            "post code": "02479",
            "country": "United States",
            "country abbreviation": "US",
            "places": [
                {
                    "place name": "Waverley",
                    "longitude": "-71.4594",
                    "state": "Massachusetts",
                    "state abbreviation": "MA",
                    "latitude": "42.4464"
                }
            ]
        }
    },
    "{'country': 'United States', 'postal_code': '60601'}": {
        "error": "",
        "response": {}
    },
    "{'country': 'United States', 'postal_code': '75201'}": {
        "error": "",
        "response": {}
    },
    "{'country': 'United States', 'postal_code': '98101'}": {
        "error": "",
        "response": {}
    },
    "{'country': 'United States', 'postal_code': '30303'}": {
        "error": "",
        "response": {}
    },
    "{'country': 'United States', 'postal_code': '60611'}": {
        "error": "",
        "response": {}
    },
    "{'country': 'Mexico', 'postal_code': '90210'}": {
        "error": "",
        "response": {}
    },
    "{'country': 'us', 'postal_code': '94301'}": {
        "error": "",
        "response": {
            "post code": "94301",
            "country": "United States",
            "country abbreviation": "US",
            "places": [
                {
                    "place name": "Palo Alto",
                    "longitude": "-122.1497",
                    "state": "California",
                    "state abbreviation": "CA",
                    "latitude": "37.4443"
                }
            ]
        }
    },
    "{'country': 'Mexico', 'postal_code': '12345'}": {
        "error": "",
        "response": {}
    },
    "{'country': 'Mexico', 'postal_code': '20000'}": {
        "error": "",
        "response": {}
    },
    "{'country': 'Mexico', 'postal_code': '20010'}": {
        "error": "",
        "response": {}
    },
    "{'country': 'MX', 'postal_code': '90213'}": {
        "error": "",
        "response": {}
    },
    "{'country': 'MX', 'postal_code': '77500'}": {
        "error": "",
        "response": {
            "post code": "77500",
            "country": "Mexico",
            "country abbreviation": "MX",
            "places": [
                {
                    "place name": "Supermanzana 5 Centro",
                    "longitude": "-86.9313",
                    "state": "Quintana Roo",
                    "state abbreviation": "ROO",
                    "latitude": "21.0167"
                },
                {
                    "place name": "Supermanzana 4 Centro",
                    "longitude": "-86.9313",
                    "state": "Quintana Roo",
                    "state abbreviation": "ROO",
                    "latitude": "21.0167"
                },
                {
                    "place name": "Supermanzana 22 Centro",
                    "longitude": "-86.9313",
                    "state": "Quintana Roo",
                    "state abbreviation": "ROO",
                    "latitude": "21.0167"
                },
                {
                    "place name": "Supermanzana 20 Centro",
                    "longitude": "-86.9313",
                    "state": "Quintana Roo",
                    "state abbreviation": "ROO",
                    "latitude": "21.0167"
                },
                {
                    "place name": "Zona Hotelera",
                    "longitude": "-86.9313",
                    "state": "Quintana Roo",
                    "state abbreviation": "ROO",
                    "latitude": "21.0167"
                },
                {
                    "place name": "Supermanzana 52",
                    "longitude": "-86.9313",
                    "state": "Quintana Roo",
                    "state abbreviation": "ROO",
                    "latitude": "21.0167"
                },
                {
                    "place name": "Supermanzana 1 Centro",
                    "longitude": "-86.9313",
                    "state": "Quintana Roo",
                    "state abbreviation": "ROO",
                    "latitude": "21.0167"
                },
                {
                    "place name": "Supermanzana 23 Centro",
                    "longitude": "-86.9313",
                    "state": "Quintana Roo",
                    "state abbreviation": "ROO",
                    "latitude": "21.0167"
                },
                {
                    "place name": "Cancun Centro",
                    "longitude": "-86.9313",
                    "state": "Quintana Roo",
                    "state abbreviation": "ROO",
                    "latitude": "21.0167"
                },
                {
                    "place name": "Supermanzana 2 Centro",
                    "longitude": "-86.9313",
                    "state": "Quintana Roo",
                    "state abbreviation": "ROO",
                    "latitude": "21.0167"
                },
                {
                    "place name": "Supermanzana 2a Centro",
                    "longitude": "-86.9313",
                    "state": "Quintana Roo",
                    "state abbreviation": "ROO",
                    "latitude": "21.0167"
                },
                {
                    "place name": "Supermanzana 3 Centro",
                    "longitude": "-86.9313",
                    "state": "Quintana Roo",
                    "state abbreviation": "ROO",
                    "latitude": "21.0167"
                }
            ]
        }
    },
    "{'country': 'USA', 'postal_code': '90210'}": {
        "error": "",
        "response": {}
    },
    "{'country': 'US', 'postal_code': '94103'}": {
        "error": "",
        "response": {
            "post code": "94103",
            "country": "United States",
            "country abbreviation": "US",
            "places": [
                {
                    "place name": "San Francisco",
                    "longitude": "-122.4147",
                    "state": "California",
                    "state abbreviation": "CA",
                    "latitude": "37.7725"
                }
            ]
        }
    },
    "{'country': 'US', 'postal_code': '94101'}": {
        "error": "",
        "response": {
            "post code": "94101",
            "country": "United States",
            "country abbreviation": "US",
            "places": [
                {
                    "place name": "San Francisco",
                    "longitude": "-122.7278",
                    "state": "California",
                    "state abbreviation": "CA",
                    "latitude": "37.7848"
                }
            ]
        }
    },
    "{'country': 'us', 'postal_code': '<postal_code_of_convention_center>'}": {
        "error": "",
        "response": {}
    },
    "{'country': 'us', 'postal_code': '94103'}": {
        "error": "",
        "response": {
            "post code": "94103",
            "country": "United States",
            "country abbreviation": "US",
            "places": [
                {
                    "place name": "San Francisco",
                    "longitude": "-122.4147",
                    "state": "California",
                    "state abbreviation": "CA",
                    "latitude": "37.7725"
                }
            ]
        }
    },
    "{'country': 'GB', 'postal_code': '442079460056'}": {
        "error": "",
        "response": {}
    },
    "{'country': 'GB', 'postal_code': '2079460056'}": {
        "error": "",
        "response": {}
    },
    "{'country': 'us', 'postal_code': 'California'}": {
        "error": "",
        "response": {}
    },
    "{'country': 'US', 'postal_code': 'Los Angeles'}": {
        "error": "",
        "response": {}
    },
    "{'country': 'us', 'postal_code': '10000'}": {
        "error": "",
        "response": {
            "post code": "10000",
            "country": "United States",
            "country abbreviation": "US",
            "places": [
                {
                    "place name": "New York City",
                    "longitude": "-73.6731",
                    "state": "New York",
                    "state abbreviation": "NY",
                    "latitude": "40.7069"
                }
            ]
        }
    },
    "{'country': 'us', 'postal_code': '94102'}": {
        "error": "",
        "response": {
            "post code": "94102",
            "country": "United States",
            "country abbreviation": "US",
            "places": [
                {
                    "place name": "San Francisco",
                    "longitude": "-122.4167",
                    "state": "California",
                    "state abbreviation": "CA",
                    "latitude": "37.7813"
                }
            ]
        }
    },
    "{'country': 'Mexico', 'postal_code': '01000'}": {
        "error": "",
        "response": {}
    },
    "{'country': 'MX', 'postal_code': '01000'}": {
        "error": "",
        "response": {
            "post code": "01000",
            "country": "Mexico",
            "country abbreviation": "MX",
            "places": [
                {
                    "place name": "San Angel",
                    "longitude": "-99.225",
                    "state": "Distrito Federal",
                    "state abbreviation": "DIF",
                    "latitude": "19.3733"
                },
                {
                    "place name": "Villa Obregon",
                    "longitude": "-99.225",
                    "state": "Distrito Federal",
                    "state abbreviation": "DIF",
                    "latitude": "19.3733"
                }
            ]
        }
    },
    "{'country': 'Mexico', 'postal_code': 'ZipCode'}": {
        "error": "",
        "response": {}
    },
    "{'country': 'MX', 'postal_code': '01020'}": {
        "error": "",
        "response": {
            "post code": "01020",
            "country": "Mexico",
            "country abbreviation": "MX",
            "places": [
                {
                    "place name": "Guadalupe Inn",
                    "longitude": "-99.1667",
                    "state": "Distrito Federal",
                    "state abbreviation": "DIF",
                    "latitude": "19.3994"
                }
            ]
        }
    },
    "{'country': 'Mexico', 'postal_code': '01010'}": {
        "error": "",
        "response": {}
    },
    "{'country': 'Mexico', 'postal_code': '10000'}": {
        "error": "",
        "response": {}
    },
    "{'country': 'MX', 'postal_code': '22000'}": {
        "error": "",
        "response": {
            "post code": "22000",
            "country": "Mexico",
            "country abbreviation": "MX",
            "places": [
                {
                    "place name": "Zona Este",
                    "longitude": "-115.3782",
                    "state": "Baja California",
                    "state abbreviation": "BCN",
                    "latitude": "32.2964"
                },
                {
                    "place name": "Zona Centro",
                    "longitude": "-115.3782",
                    "state": "Baja California",
                    "state abbreviation": "BCN",
                    "latitude": "32.2964"
                },
                {
                    "place name": "Tijuana Centro",
                    "longitude": "-115.3782",
                    "state": "Baja California",
                    "state abbreviation": "BCN",
                    "latitude": "32.2964"
                },
                {
                    "place name": "Centro Zona Norte",
                    "longitude": "-115.3782",
                    "state": "Baja California",
                    "state abbreviation": "BCN",
                    "latitude": "32.2964"
                }
            ]
        }
    },
    "{'country': 'Mexico', 'postal_code': '22000'}": {
        "error": "",
        "response": {}
    },
    "{'country': 'MX', 'postal_code': '22785'}": {
        "error": "",
        "response": {
            "post code": "22785",
            "country": "Mexico",
            "country abbreviation": "MX",
            "places": [
                {
                    "place name": "Vista Del Mar",
                    "longitude": "-116.6083",
                    "state": "Baja California",
                    "state abbreviation": "BCN",
                    "latitude": "31.8542"
                },
                {
                    "place name": "El Cipres",
                    "longitude": "-116.5667",
                    "state": "Baja California",
                    "state abbreviation": "BCN",
                    "latitude": "31.8167"
                },
                {
                    "place name": "Villa Del Real",
                    "longitude": "-116.6083",
                    "state": "Baja California",
                    "state abbreviation": "BCN",
                    "latitude": "31.8542"
                },
                {
                    "place name": "El Naranjo",
                    "longitude": "-116.6167",
                    "state": "Baja California",
                    "state abbreviation": "BCN",
                    "latitude": "31.8"
                },
                {
                    "place name": "Playas de Chapultepec",
                    "longitude": "-116.6083",
                    "state": "Baja California",
                    "state abbreviation": "BCN",
                    "latitude": "31.8542"
                },
                {
                    "place name": "Las Palmas",
                    "longitude": "-116.65",
                    "state": "Baja California",
                    "state abbreviation": "BCN",
                    "latitude": "32"
                },
                {
                    "place name": "Vista Hermosa",
                    "longitude": "-116.6083",
                    "state": "Baja California",
                    "state abbreviation": "BCN",
                    "latitude": "31.8542"
                },
                {
                    "place name": "Chapultepec",
                    "longitude": "-116.6",
                    "state": "Baja California",
                    "state abbreviation": "BCN",
                    "latitude": "31.8"
                },
                {
                    "place name": "Villas Del Real 4a Seccion",
                    "longitude": "-116.6083",
                    "state": "Baja California",
                    "state abbreviation": "BCN",
                    "latitude": "31.8542"
                },
                {
                    "place name": "Lomas de San Fernando 1",
                    "longitude": "-116.6083",
                    "state": "Baja California",
                    "state abbreviation": "BCN",
                    "latitude": "31.8542"
                },
                {
                    "place name": "Villas Del Real 3a Seccion",
                    "longitude": "-116.6083",
                    "state": "Baja California",
                    "state abbreviation": "BCN",
                    "latitude": "31.8542"
                },
                {
                    "place name": "Villas Residencial Del Real",
                    "longitude": "-116.6083",
                    "state": "Baja California",
                    "state abbreviation": "BCN",
                    "latitude": "31.8542"
                },
                {
                    "place name": "Aeropuerto",
                    "longitude": "-116.6083",
                    "state": "Baja California",
                    "state abbreviation": "BCN",
                    "latitude": "31.8542"
                },
                {
                    "place name": "Chapultepec Del Mar",
                    "longitude": "-116.6083",
                    "state": "Baja California",
                    "state abbreviation": "BCN",
                    "latitude": "31.8542"
                },
                {
                    "place name": "Jardines Del Mar",
                    "longitude": "-116.6083",
                    "state": "Baja California",
                    "state abbreviation": "BCN",
                    "latitude": "31.8542"
                },
                {
                    "place name": "Juan Diego",
                    "longitude": "-116.6083",
                    "state": "Baja California",
                    "state abbreviation": "BCN",
                    "latitude": "31.8542"
                },
                {
                    "place name": "Lomas de San Fernando 2",
                    "longitude": "-116.6083",
                    "state": "Baja California",
                    "state abbreviation": "BCN",
                    "latitude": "31.8542"
                },
                {
                    "place name": "23 de Noviembre",
                    "longitude": "-116.6083",
                    "state": "Baja California",
                    "state abbreviation": "BCN",
                    "latitude": "31.8542"
                },
                {
                    "place name": "Villas Residencial Del Rey",
                    "longitude": "-116.6083",
                    "state": "Baja California",
                    "state abbreviation": "BCN",
                    "latitude": "31.8542"
                },
                {
                    "place name": "Rinconada Del Pedregal",
                    "longitude": "-116.6083",
                    "state": "Baja California",
                    "state abbreviation": "BCN",
                    "latitude": "31.8542"
                },
                {
                    "place name": "Porticos Del Mar 2",
                    "longitude": "-116.6083",
                    "state": "Baja California",
                    "state abbreviation": "BCN",
                    "latitude": "31.8542"
                },
                {
                    "place name": "Jardines",
                    "longitude": "-116.6083",
                    "state": "Baja California",
                    "state abbreviation": "BCN",
                    "latitude": "31.8542"
                },
                {
                    "place name": "Todos los Santos",
                    "longitude": "-116.6083",
                    "state": "Baja California",
                    "state abbreviation": "BCN",
                    "latitude": "31.8542"
                },
                {
                    "place name": "Villas Del Real Residencial (aeropuerto)",
                    "longitude": "-116.6083",
                    "state": "Baja California",
                    "state abbreviation": "BCN",
                    "latitude": "31.8542"
                },
                {
                    "place name": "Valle de Chapultepec",
                    "longitude": "-116.6083",
                    "state": "Baja California",
                    "state abbreviation": "BCN",
                    "latitude": "31.8542"
                },
                {
                    "place name": "Villas Del Mar",
                    "longitude": "-116.6083",
                    "state": "Baja California",
                    "state abbreviation": "BCN",
                    "latitude": "31.8542"
                },
                {
                    "place name": "Escritores",
                    "longitude": "-116.6083",
                    "state": "Baja California",
                    "state abbreviation": "BCN",
                    "latitude": "31.8542"
                },
                {
                    "place name": "Brisa Del Mar",
                    "longitude": "-116.6083",
                    "state": "Baja California",
                    "state abbreviation": "BCN",
                    "latitude": "31.8542"
                },
                {
                    "place name": "Villas Del Rey",
                    "longitude": "-116.6083",
                    "state": "Baja California",
                    "state abbreviation": "BCN",
                    "latitude": "31.8542"
                },
                {
                    "place name": "Villas Del Real 2a Seccion",
                    "longitude": "-116.6083",
                    "state": "Baja California",
                    "state abbreviation": "BCN",
                    "latitude": "31.8542"
                },
                {
                    "place name": "Porticos Del Mar 3",
                    "longitude": "-116.6083",
                    "state": "Baja California",
                    "state abbreviation": "BCN",
                    "latitude": "31.8542"
                },
                {
                    "place name": "Porticos Del Mar 1",
                    "longitude": "-116.6083",
                    "state": "Baja California",
                    "state abbreviation": "BCN",
                    "latitude": "31.8542"
                },
                {
                    "place name": "Conjunto Artesanal",
                    "longitude": "-116.6083",
                    "state": "Baja California",
                    "state abbreviation": "BCN",
                    "latitude": "31.8542"
                },
                {
                    "place name": "Praderas Del Cipres Seccion 2",
                    "longitude": "-116.6083",
                    "state": "Baja California",
                    "state abbreviation": "BCN",
                    "latitude": "31.8542"
                },
                {
                    "place name": "Praderas Del Cipres Seccion I",
                    "longitude": "-116.6083",
                    "state": "Baja California",
                    "state abbreviation": "BCN",
                    "latitude": "31.8542"
                },
                {
                    "place name": "Residencial El Rey",
                    "longitude": "-116.6083",
                    "state": "Baja California",
                    "state abbreviation": "BCN",
                    "latitude": "31.8542"
                }
            ]
        }
    },
    "{'country': 'MX', 'postal_code': '22100'}": {
        "error": "",
        "response": {
            "post code": "22100",
            "country": "Mexico",
            "country abbreviation": "MX",
            "places": [
                {
                    "place name": "20 de Noviembre Este",
                    "longitude": "-116.0752",
                    "state": "Baja California",
                    "state abbreviation": "BCN",
                    "latitude": "31.6124"
                },
                {
                    "place name": "Anexa 20 de Noviembre",
                    "longitude": "-116.0752",
                    "state": "Baja California",
                    "state abbreviation": "BCN",
                    "latitude": "31.6124"
                },
                {
                    "place name": "20 de Noviembre",
                    "longitude": "-116.0752",
                    "state": "Baja California",
                    "state abbreviation": "BCN",
                    "latitude": "31.6124"
                }
            ]
        }
    },
    "{'country': 'Mexico', 'postal_code': '77500'}": {
        "error": "",
        "response": {}
    },
    "{'country': 'Mexico', 'postal_code': '64630'}": {
        "error": "",
        "response": {}
    },
    "{'country': 'mx', 'postal_code': '90210'}": {
        "error": "",
        "response": {
            "post code": "90210",
            "country": "Mexico",
            "country abbreviation": "MX",
            "places": [
                {
                    "place name": "San Mateo Actipan",
                    "longitude": "-98.6",
                    "state": "Tlaxcala",
                    "state abbreviation": "TLA",
                    "latitude": "19.6167"
                }
            ]
        }
    },
    "{'country': 'MX', 'postal_code': '50000'}": {
        "error": "",
        "response": {
            "post code": "50000",
            "country": "Mexico",
            "country abbreviation": "MX",
            "places": [
                {
                    "place name": "Toluca de Lerdo Centro",
                    "longitude": "-99.3562",
                    "state": "Mexico",
                    "state abbreviation": "MEX",
                    "latitude": "19.3523"
                }
            ]
        }
    },
    "{'country': 'Mexico', 'postal_code': '80000'}": {
        "error": "",
        "response": {}
    },
    "{'country': 'Mexico', 'postal_code': 'quality_of_life_zip_code'}": {
        "error": "",
        "response": {}
    },
    "{'country': 'Mexico', 'postal_code': '90000'}": {
        "error": "",
        "response": {}
    },
    "{'country': 'MX', 'postal_code': '12345'}": {
        "error": "",
        "response": {}
    },
    "{'country': 'Mexico', 'postal_code': '50100'}": {
        "error": "",
        "response": {}
    },
    "{'country': 'United States', 'postal_code': '90002'}": {
        "error": "",
        "response": {}
    },
    "{'country': 'us', 'postal_code': '90002'}": {
        "error": "",
        "response": {
            "post code": "90002",
            "country": "United States",
            "country abbreviation": "US",
            "places": [
                {
                    "place name": "Los Angeles",
                    "longitude": "-118.2462",
                    "state": "California",
                    "state abbreviation": "CA",
                    "latitude": "33.9497"
                }
            ]
        }
    },
    "{'country': 'us', 'postal_code': 'los angeles'}": {
        "error": "",
        "response": {}
    },
    "{'country': 'United States', 'postal_code': '90000'}": {
        "error": "",
        "response": {}
    },
    "{'country': 'United States', 'postal_code': '10000'}": {
        "error": "",
        "response": {}
    },
    "{'country': 'United States', 'postal_code': '10010'}": {
        "error": "",
        "response": {}
    },
    "{'country': 'United States', 'postal_code': '10020'}": {
        "error": "",
        "response": {}
    },
    "{'country': 'United States', 'postal_code': '94102'}": {
        "error": "",
        "response": {}
    },
    "{'country': 'us', 'postal_code': 'Los Angeles'}": {
        "error": "",
        "response": {}
    },
    "{'country': 'us', 'postal_code': '90004'}": {
        "error": "",
        "response": {
            "post code": "90004",
            "country": "United States",
            "country abbreviation": "US",
            "places": [
                {
                    "place name": "Los Angeles",
                    "longitude": "-118.3029",
                    "state": "California",
                    "state abbreviation": "CA",
                    "latitude": "34.0762"
                }
            ]
        }
    },
    "{'country': 'Mexico', 'postal_code': '44100'}": {
        "error": "",
        "response": {}
    },
    "{'country': 'Mexico', 'postal_code': '08000'}": {
        "error": "",
        "response": {}
    },
    "{'country': 'MX', 'postal_code': '31000'}": {
        "error": "",
        "response": {
            "post code": "31000",
            "country": "Mexico",
            "country abbreviation": "MX",
            "places": [
                {
                    "place name": "San Pedro",
                    "longitude": "-103.8052",
                    "state": "Chihuahua",
                    "state abbreviation": "COL",
                    "latitude": "19.0614"
                },
                {
                    "place name": "Colon",
                    "longitude": "-103.8052",
                    "state": "Chihuahua",
                    "state abbreviation": "COL",
                    "latitude": "19.0614"
                },
                {
                    "place name": "Zona Centro",
                    "longitude": "-103.8052",
                    "state": "Chihuahua",
                    "state abbreviation": "COL",
                    "latitude": "19.0614"
                },
                {
                    "place name": "Sector Bolivar",
                    "longitude": "-103.8052",
                    "state": "Chihuahua",
                    "state abbreviation": "COL",
                    "latitude": "19.0614"
                },
                {
                    "place name": "Parque Rotario",
                    "longitude": "-103.8052",
                    "state": "Chihuahua",
                    "state abbreviation": "COL",
                    "latitude": "19.0614"
                }
            ]
        }
    },
    "{'country': 'united states', 'postal_code': '90210'}": {
        "error": "",
        "response": {}
    },
    "{'country': 'united states', 'postal_code': '10001'}": {
        "error": "",
        "response": {}
    },
    "{'country': 'Mexico', 'postal_code': 'valid_postal_code'}": {
        "error": "",
        "response": {}
    },
    "{'country': 'US', 'postal_code': 'Los Angeles, California'}": {
        "error": "",
        "response": {}
    },
    "{'country': 'US', 'postal_code': '90002'}": {
        "error": "",
        "response": {
            "post code": "90002",
            "country": "United States",
            "country abbreviation": "US",
            "places": [
                {
                    "place name": "Los Angeles",
                    "longitude": "-118.2462",
                    "state": "California",
                    "state abbreviation": "CA",
                    "latitude": "33.9497"
                }
            ]
        }
    },
    "{'country': 'MX', 'postal_code': '90040'}": {
        "error": "",
        "response": {
            "post code": "90040",
            "country": "Mexico",
            "country abbreviation": "MX",
            "places": [
                {
                    "place name": "Adolfo Lopez Mateos",
                    "longitude": "-98.3917",
                    "state": "Tlaxcala",
                    "state abbreviation": "TLA",
                    "latitude": "19.5056"
                }
            ]
        }
    },
    "{'country': 'MX', 'postal_code': '90005'}": {
        "error": "",
        "response": {}
    },
    "{'country': 'MX', 'postal_code': '90014'}": {
        "error": "",
        "response": {
            "post code": "90014",
            "country": "Mexico",
            "country abbreviation": "MX",
            "places": [
                {
                    "place name": "El Rincon",
                    "longitude": "-97.9042",
                    "state": "Tlaxcala",
                    "state abbreviation": "TLA",
                    "latitude": "19.4903"
                },
                {
                    "place name": "Magisterial Vista Hermosa",
                    "longitude": "-97.9042",
                    "state": "Tlaxcala",
                    "state abbreviation": "TLA",
                    "latitude": "19.4903"
                },
                {
                    "place name": "Los Potrillos",
                    "longitude": "-97.9042",
                    "state": "Tlaxcala",
                    "state abbreviation": "TLA",
                    "latitude": "19.4903"
                },
                {
                    "place name": "Cuarto Señorio",
                    "longitude": "-97.9042",
                    "state": "Tlaxcala",
                    "state abbreviation": "TLA",
                    "latitude": "19.4903"
                },
                {
                    "place name": "Los Causes",
                    "longitude": "-97.9042",
                    "state": "Tlaxcala",
                    "state abbreviation": "TLA",
                    "latitude": "19.4903"
                },
                {
                    "place name": "Los Volcanes",
                    "longitude": "-97.9042",
                    "state": "Tlaxcala",
                    "state abbreviation": "TLA",
                    "latitude": "19.4903"
                },
                {
                    "place name": "El Bosque",
                    "longitude": "-97.9042",
                    "state": "Tlaxcala",
                    "state abbreviation": "TLA",
                    "latitude": "19.4903"
                },
                {
                    "place name": "Vista Hermosa",
                    "longitude": "-97.9042",
                    "state": "Tlaxcala",
                    "state abbreviation": "TLA",
                    "latitude": "19.4903"
                }
            ]
        }
    },
    "{'country': 'US', 'postal_code': '60611'}": {
        "error": "",
        "response": {
            "post code": "60611",
            "country": "United States",
            "country abbreviation": "US",
            "places": [
                {
                    "place name": "Chicago",
                    "longitude": "-87.6223",
                    "state": "Illinois",
                    "state abbreviation": "IL",
                    "latitude": "41.8971"
                }
            ]
        }
    },
    "{'country': 'us', 'postal_code': '90000'}": {
        "error": "",
        "response": {}
    },
    "{'country': 'us', 'postal_code': '90005'}": {
        "error": "",
        "response": {
            "post code": "90005",
            "country": "United States",
            "country abbreviation": "US",
            "places": [
                {
                    "place name": "Los Angeles",
                    "longitude": "-118.3012",
                    "state": "California",
                    "state abbreviation": "CA",
                    "latitude": "34.0585"
                }
            ]
        }
    },
    "{'country': 'us', 'postal_code': '90006'}": {
        "error": "",
        "response": {
            "post code": "90006",
            "country": "United States",
            "country abbreviation": "US",
            "places": [
                {
                    "place name": "Los Angeles",
                    "longitude": "-118.2917",
                    "state": "California",
                    "state abbreviation": "CA",
                    "latitude": "34.0493"
                }
            ]
        }
    },
    "{'country': 'us', 'postal_code': '90010'}": {
        "error": "",
        "response": {
            "post code": "90010",
            "country": "United States",
            "country abbreviation": "US",
            "places": [
                {
                    "place name": "Los Angeles",
                    "longitude": "-118.3027",
                    "state": "California",
                    "state abbreviation": "CA",
                    "latitude": "34.0606"
                }
            ]
        }
    },
    "{'country': 'us', 'postal_code': '90003'}": {
        "error": "",
        "response": {
            "post code": "90003",
            "country": "United States",
            "country abbreviation": "US",
            "places": [
                {
                    "place name": "Los Angeles",
                    "longitude": "-118.2727",
                    "state": "California",
                    "state abbreviation": "CA",
                    "latitude": "33.9653"
                }
            ]
        }
    },
    "{'country': 'us', 'postal_code': '89109'}": {
        "error": "",
        "response": {
            "post code": "89109",
            "country": "United States",
            "country abbreviation": "US",
            "places": [
                {
                    "place name": "Las Vegas",
                    "longitude": "-115.1454",
                    "state": "Nevada",
                    "state abbreviation": "NV",
                    "latitude": "36.126"
                }
            ]
        }
    },
    "{'country': 'United States', 'postal_code': 'example_postal_code'}": {
        "error": "",
        "response": {}
    },
    "{'country': 'MX', 'postal_code': '90200'}": {
        "error": "",
        "response": {
            "post code": "90200",
            "country": "Mexico",
            "country abbreviation": "MX",
            "places": [
                {
                    "place name": "Calpulalpan Centro",
                    "longitude": "-98.0481",
                    "state": "Tlaxcala",
                    "state abbreviation": "TLA",
                    "latitude": "19.4697"
                }
            ]
        }
    },
    "{'country': 'MX', 'postal_code': '90000'}": {
        "error": "",
        "response": {
            "post code": "90000",
            "country": "Mexico",
            "country abbreviation": "MX",
            "places": [
                {
                    "place name": "Tlaxcala Centro",
                    "longitude": "-98.2481",
                    "state": "Tlaxcala",
                    "state abbreviation": "TLA",
                    "latitude": "19.4167"
                }
            ]
        }
    },
    "{'country': 'Mexico', 'postal_code': '48300'}": {
        "error": "",
        "response": {}
    },
    "{'country': 'US', 'postal_code': '90000'}": {
        "error": "",
        "response": {}
    },
    "{'country': 'United States', 'postal_code': 'Los Angeles'}": {
        "error": "",
        "response": {}
    },
    "{'country': 'us', 'postal_code': '60601'}": {
        "error": "",
        "response": {
            "post code": "60601",
            "country": "United States",
            "country abbreviation": "US",
            "places": [
                {
                    "place name": "Chicago",
                    "longitude": "-87.6181",
                    "state": "Illinois",
                    "state abbreviation": "IL",
                    "latitude": "41.8858"
                }
            ]
        }
    },
    "{'country': 'UNITED STATES', 'postal_code': '90001'}": {
        "error": "",
        "response": {}
    },
    "{'country': 'MX', 'postal_code': '90210'}": {
        "error": "",
        "response": {
            "post code": "90210",
            "country": "Mexico",
            "country abbreviation": "MX",
            "places": [
                {
                    "place name": "San Mateo Actipan",
                    "longitude": "-98.6",
                    "state": "Tlaxcala",
                    "state abbreviation": "TLA",
                    "latitude": "19.6167"
                }
            ]
        }
    },
    "{'country': 'Mexico', 'postal_code': '77000'}": {
        "error": "",
        "response": {}
    },
    "{'country': 'Mexico', 'postal_code': '45050'}": {
        "error": "",
        "response": {}
    },
    "{'country': 'United States', 'postal_code': '90005'}": {
        "error": "",
        "response": {}
    },
    "{'country': 'MX', 'postal_code': '75000'}": {
        "error": "",
        "response": {
            "post code": "75000",
            "country": "Mexico",
            "country abbreviation": "MX",
            "places": [
                {
                    "place name": "Los Pinos",
                    "longitude": "-97.975",
                    "state": "Puebla",
                    "state abbreviation": "PUE",
                    "latitude": "19.6833"
                },
                {
                    "place name": "Maximo Serdan",
                    "longitude": "-97.8333",
                    "state": "Puebla",
                    "state abbreviation": "PUE",
                    "latitude": "19.2583"
                },
                {
                    "place name": "Moctezuma",
                    "longitude": "-97.8167",
                    "state": "Puebla",
                    "state abbreviation": "PUE",
                    "latitude": "20.7"
                },
                {
                    "place name": "Rafael Lara Grajales",
                    "longitude": "-97.7833",
                    "state": "Puebla",
                    "state abbreviation": "PUE",
                    "latitude": "19.25"
                },
                {
                    "place name": "San Marcos La Joya",
                    "longitude": "-97.8521",
                    "state": "Puebla",
                    "state abbreviation": "PUE",
                    "latitude": "19.7229"
                },
                {
                    "place name": "Obrera",
                    "longitude": "-97.8521",
                    "state": "Puebla",
                    "state abbreviation": "PUE",
                    "latitude": "19.7229"
                },
                {
                    "place name": "Ignacio Zaragoza",
                    "longitude": "-97.8521",
                    "state": "Puebla",
                    "state abbreviation": "PUE",
                    "latitude": "19.7229"
                },
                {
                    "place name": "Salto Del Agua",
                    "longitude": "-97.8521",
                    "state": "Puebla",
                    "state abbreviation": "PUE",
                    "latitude": "19.7229"
                }
            ]
        }
    },
    "{'country': 'us', 'postal_code': '10010'}": {
        "error": "",
        "response": {
            "post code": "10010",
            "country": "United States",
            "country abbreviation": "US",
            "places": [
                {
                    "place name": "New York City",
                    "longitude": "-73.9813",
                    "state": "New York",
                    "state abbreviation": "NY",
                    "latitude": "40.7375"
                }
            ]
        }
    },
    "{'country': 'United States', 'postal_code': '94103'}": {
        "error": "",
        "response": {}
    },
    "{'country': 'Mexico', 'postal_code': '10010'}": {
        "error": "",
        "response": {}
    },
    "{'country': 'US', 'postal_code': '90275'}": {
        "error": "",
        "response": {
            "post code": "90275",
            "country": "United States",
            "country abbreviation": "US",
            "places": [
                {
                    "place name": "Rancho Palos Verdes",
                    "longitude": "-118.367",
                    "state": "California",
                    "state abbreviation": "CA",
                    "latitude": "33.7515"
                }
            ]
        }
    },
    "{'country': 'US', 'postal_code': '12345'}": {
        "error": "",
        "response": {
            "post code": "12345",
            "country": "United States",
            "country abbreviation": "US",
            "places": [
                {
                    "place name": "Schenectady",
                    "longitude": "-74.058",
                    "state": "New York",
                    "state abbreviation": "NY",
                    "latitude": "42.8333"
                }
            ]
        }
    },
    "{'country': 'United States', 'postal_code': '94110'}": {
        "error": "",
        "response": {}
    },
    "{'country': 'United States', 'postal_code': '77002'}": {
        "error": "",
        "response": {}
    },
    "{'country': 'Mexico', 'postal_code': '78421'}": {
        "error": "",
        "response": {}
    },
    "{'country': 'Mexico', 'postal_code': '44600'}": {
        "error": "",
        "response": {}
    },
    "{'country': 'Mexico', 'postal_code': '55555'}": {
        "error": "",
        "response": {}
    },
    "{'country': 'mx', 'postal_code': '77500'}": {
        "error": "",
        "response": {
            "post code": "77500",
            "country": "Mexico",
            "country abbreviation": "MX",
            "places": [
                {
                    "place name": "Supermanzana 5 Centro",
                    "longitude": "-86.9313",
                    "state": "Quintana Roo",
                    "state abbreviation": "ROO",
                    "latitude": "21.0167"
                },
                {
                    "place name": "Supermanzana 4 Centro",
                    "longitude": "-86.9313",
                    "state": "Quintana Roo",
                    "state abbreviation": "ROO",
                    "latitude": "21.0167"
                },
                {
                    "place name": "Supermanzana 22 Centro",
                    "longitude": "-86.9313",
                    "state": "Quintana Roo",
                    "state abbreviation": "ROO",
                    "latitude": "21.0167"
                },
                {
                    "place name": "Supermanzana 20 Centro",
                    "longitude": "-86.9313",
                    "state": "Quintana Roo",
                    "state abbreviation": "ROO",
                    "latitude": "21.0167"
                },
                {
                    "place name": "Zona Hotelera",
                    "longitude": "-86.9313",
                    "state": "Quintana Roo",
                    "state abbreviation": "ROO",
                    "latitude": "21.0167"
                },
                {
                    "place name": "Supermanzana 52",
                    "longitude": "-86.9313",
                    "state": "Quintana Roo",
                    "state abbreviation": "ROO",
                    "latitude": "21.0167"
                },
                {
                    "place name": "Supermanzana 1 Centro",
                    "longitude": "-86.9313",
                    "state": "Quintana Roo",
                    "state abbreviation": "ROO",
                    "latitude": "21.0167"
                },
                {
                    "place name": "Supermanzana 23 Centro",
                    "longitude": "-86.9313",
                    "state": "Quintana Roo",
                    "state abbreviation": "ROO",
                    "latitude": "21.0167"
                },
                {
                    "place name": "Cancun Centro",
                    "longitude": "-86.9313",
                    "state": "Quintana Roo",
                    "state abbreviation": "ROO",
                    "latitude": "21.0167"
                },
                {
                    "place name": "Supermanzana 2 Centro",
                    "longitude": "-86.9313",
                    "state": "Quintana Roo",
                    "state abbreviation": "ROO",
                    "latitude": "21.0167"
                },
                {
                    "place name": "Supermanzana 2a Centro",
                    "longitude": "-86.9313",
                    "state": "Quintana Roo",
                    "state abbreviation": "ROO",
                    "latitude": "21.0167"
                },
                {
                    "place name": "Supermanzana 3 Centro",
                    "longitude": "-86.9313",
                    "state": "Quintana Roo",
                    "state abbreviation": "ROO",
                    "latitude": "21.0167"
                }
            ]
        }
    },
    "{'country': 'Mexico', 'postal_code': '06000'}": {
        "error": "",
        "response": {}
    },
    "{'country': 'MX', 'postal_code': '01090'}": {
        "error": "",
        "response": {
            "post code": "01090",
            "country": "Mexico",
            "country abbreviation": "MX",
            "places": [
                {
                    "place name": "Puertas Del Pedregal",
                    "longitude": "-99.1667",
                    "state": "Distrito Federal",
                    "state abbreviation": "DIF",
                    "latitude": "19.3994"
                },
                {
                    "place name": "La Otra Banda",
                    "longitude": "-99.1667",
                    "state": "Distrito Federal",
                    "state abbreviation": "DIF",
                    "latitude": "19.3994"
                },
                {
                    "place name": "Tizapan",
                    "longitude": "-99.1667",
                    "state": "Distrito Federal",
                    "state abbreviation": "DIF",
                    "latitude": "19.3994"
                },
                {
                    "place name": "Loreto",
                    "longitude": "-99.1667",
                    "state": "Distrito Federal",
                    "state abbreviation": "DIF",
                    "latitude": "19.3994"
                }
            ]
        }
    },
    "{'country': 'Mexico', 'postal_code': '02000'}": {
        "error": "",
        "response": {}
    },
    "{'country': 'Mexico', 'postal_code': '01001'}": {
        "error": "",
        "response": {}
    },
    "{'country': 'Mexico', 'postal_code': '10001'}": {
        "error": "",
        "response": {}
    },
    "{'country': 'Mexico', 'postal_code': '90001'}": {
        "error": "",
        "response": {}
    },
    "{'country': 'Mexico', 'postal_code': '03100'}": {
        "error": "",
        "response": {}
    },
    "{'country': 'Mexico', 'postal_code': 'null'}": {
        "error": "",
        "response": {}
    },
    "{'country': 'us', 'postal_code': '90201'}": {
        "error": "",
        "response": {
            "post code": "90201",
            "country": "United States",
            "country abbreviation": "US",
            "places": [
                {
                    "place name": "Bell",
                    "longitude": "-118.1689",
                    "state": "California",
                    "state abbreviation": "CA",
                    "latitude": "33.9767"
                }
            ]
        }
    },
    "{'country': 'Mexico', 'postal_code': '52000'}": {
        "error": "",
        "response": {}
    },
    "{'country': 'Mexico', 'postal_code': '11560'}": {
        "error": "",
        "response": {}
    },
    "{'country': 'Mexico', 'postal_code': '01400'}": {
        "error": "",
        "response": {}
    },
    "{'country': 'Mexico', 'postal_code': '01020'}": {
        "error": "",
        "response": {}
    },
    "{'country': 'Mexico', 'postal_code': '01030'}": {
        "error": "",
        "response": {}
    },
    "{'country': 'Mexico', 'postal_code': '0'}": {
        "error": "",
        "response": {}
    },
    "{'country': 'MX', 'postal_code': '80000'}": {
        "error": "",
        "response": {
            "post code": "80000",
            "country": "Mexico",
            "country abbreviation": "MX",
            "places": [
                {
                    "place name": "Culiacan Centro",
                    "longitude": "-107.7215",
                    "state": "Sinaloa",
                    "state abbreviation": "SIN",
                    "latitude": "25.2192"
                },
                {
                    "place name": "Centro Sinaloa",
                    "longitude": "-107.7215",
                    "state": "Sinaloa",
                    "state abbreviation": "SIN",
                    "latitude": "25.2192"
                }
            ]
        }
    },
    "{'country': 'MX', 'postal_code': '10000'}": {
        "error": "",
        "response": {
            "post code": "10000",
            "country": "Mexico",
            "country abbreviation": "MX",
            "places": [
                {
                    "place name": "Lomas Quebradas",
                    "longitude": "-99.2151",
                    "state": "Distrito Federal",
                    "state abbreviation": "DIF",
                    "latitude": "19.3744"
                }
            ]
        }
    },
    "{'country': 'Mexico', 'postal_code': '10020'}": {
        "error": "",
        "response": {}
    },
    "{'country': 'MX', 'postal_code': '64000'}": {
        "error": "",
        "response": {
            "post code": "64000",
            "country": "Mexico",
            "country abbreviation": "MX",
            "places": [
                {
                    "place name": "Monterrey Centro",
                    "longitude": "-100.14",
                    "state": "Nuevo Leon",
                    "state abbreviation": "NLE",
                    "latitude": "25.8512"
                },
                {
                    "place name": "La Finca",
                    "longitude": "-100.14",
                    "state": "Nuevo Leon",
                    "state abbreviation": "NLE",
                    "latitude": "25.8512"
                }
            ]
        }
    },
    "{'country': 'MX', 'postal_code': '06000'}": {
        "error": "",
        "response": {
            "post code": "06000",
            "country": "Mexico",
            "country abbreviation": "MX",
            "places": [
                {
                    "place name": "Centro de La Ciudad de Mexico Area 1",
                    "longitude": "-99.1573",
                    "state": "Distrito Federal",
                    "state abbreviation": "DIF",
                    "latitude": "19.4007"
                }
            ]
        }
    },
    "{'country': 'MX', 'postal_code': '20000'}": {
        "error": "",
        "response": {
            "post code": "20000",
            "country": "Mexico",
            "country abbreviation": "MX",
            "places": [
                {
                    "place name": "Zona Centro",
                    "longitude": "-102.4683",
                    "state": "Aguascalientes",
                    "state abbreviation": "AGU",
                    "latitude": "22.0785"
                }
            ]
        }
    },
    "{'country': 'MX', 'postal_code': '03200'}": {
        "error": "",
        "response": {
            "post code": "03200",
            "country": "Mexico",
            "country abbreviation": "MX",
            "places": [
                {
                    "place name": "Tlacoquemecatl",
                    "longitude": "-99.1667",
                    "state": "Distrito Federal",
                    "state abbreviation": "DIF",
                    "latitude": "19.3833"
                }
            ]
        }
    },
    "{'country': 'MX', 'postal_code': '23456'}": {
        "error": "",
        "response": {
            "post code": "23456",
            "country": "Mexico",
            "country abbreviation": "MX",
            "places": [
                {
                    "place name": "Arco Iris",
                    "longitude": "-111.5006",
                    "state": "Baja California Sur",
                    "state abbreviation": "BCS",
                    "latitude": "24.5472"
                },
                {
                    "place name": "Lomas Del Cabo",
                    "longitude": "-111.5006",
                    "state": "Baja California Sur",
                    "state abbreviation": "BCS",
                    "latitude": "24.5472"
                },
                {
                    "place name": "Bugambilias",
                    "longitude": "-111.5006",
                    "state": "Baja California Sur",
                    "state abbreviation": "BCS",
                    "latitude": "24.5472"
                },
                {
                    "place name": "Bella Vista",
                    "longitude": "-111.5006",
                    "state": "Baja California Sur",
                    "state abbreviation": "BCS",
                    "latitude": "24.5472"
                },
                {
                    "place name": "Balcones",
                    "longitude": "-111.5006",
                    "state": "Baja California Sur",
                    "state abbreviation": "BCS",
                    "latitude": "24.5472"
                },
                {
                    "place name": "Miramar",
                    "longitude": "-111.5006",
                    "state": "Baja California Sur",
                    "state abbreviation": "BCS",
                    "latitude": "24.5472"
                },
                {
                    "place name": "Colinas de Cabo Baja",
                    "longitude": "-111.5006",
                    "state": "Baja California Sur",
                    "state abbreviation": "BCS",
                    "latitude": "24.5472"
                },
                {
                    "place name": "Jazminez",
                    "longitude": "-111.5006",
                    "state": "Baja California Sur",
                    "state abbreviation": "BCS",
                    "latitude": "24.5472"
                },
                {
                    "place name": "Acuario",
                    "longitude": "-111.5006",
                    "state": "Baja California Sur",
                    "state abbreviation": "BCS",
                    "latitude": "24.5472"
                }
            ]
        }
    },
    "{'country': 'Mexico', 'postal_code': '50000'}": {
        "error": "",
        "response": {}
    },
    "{'country': 'Mexico', 'postal_code': '70000'}": {
        "error": "",
        "response": {}
    },
    "{'country': 'MX', 'postal_code': '30010'}": {
        "error": "",
        "response": {
            "post code": "30010",
            "country": "Mexico",
            "country abbreviation": "MX",
            "places": [
                {
                    "place name": "El Cedro",
                    "longitude": "-101.0667",
                    "state": "Chiapas",
                    "state abbreviation": "COA",
                    "latitude": "28.8333"
                }
            ]
        }
    },
    "{'country': 'Mexico', 'postal_code': '20230'}": {
        "error": "",
        "response": {}
    },
    "{'country': 'us', 'postal_code': '12345'}": {
        "error": "",
        "response": {
            "post code": "12345",
            "country": "United States",
            "country abbreviation": "US",
            "places": [
                {
                    "place name": "Schenectady",
                    "longitude": "-74.058",
                    "state": "New York",
                    "state abbreviation": "NY",
                    "latitude": "42.8333"
                }
            ]
        }
    },
    "{'country': 'US', 'postal_code': '<specific postal code>'}": {
        "error": "",
        "response": {}
    },
    "{'country': 'Mexico', 'postal_code': 'Mexico City'}": {
        "error": "",
        "response": {}
    },
    "{'country': 'US', 'postal_code': 'auto'}": {
        "error": "",
        "response": {}
    },
    "{'country': 'United States', 'postal_code': '94043'}": {
        "error": "",
        "response": {}
    },
    "{'country': 'MX', 'postal_code': '64630'}": {
        "error": "",
        "response": {
            "post code": "64630",
            "country": "Mexico",
            "country abbreviation": "MX",
            "places": [
                {
                    "place name": "Colina de San Jeronimo",
                    "longitude": "-99.7917",
                    "state": "Nuevo Leon",
                    "state abbreviation": "NLE",
                    "latitude": "24.9917"
                },
                {
                    "place name": "San Jemo",
                    "longitude": "-99.7917",
                    "state": "Nuevo Leon",
                    "state abbreviation": "NLE",
                    "latitude": "24.9917"
                }
            ]
        }
    },
    "{'country': 'Mexico', 'postal_code': 'Monterrey'}": {
        "error": "",
        "response": {}
    },
    "{'country': 'us', 'postal_code': '64630'}": {
        "error": "",
        "response": {
            "post code": "64630",
            "country": "United States",
            "country abbreviation": "US",
            "places": [
                {
                    "place name": "Browning",
                    "longitude": "-93.1607",
                    "state": "Missouri",
                    "state abbreviation": "MO",
                    "latitude": "40.029"
                }
            ]
        }
    },
    "{'country': 'Mexico', 'postal_code': 'food'}": {
        "error": "",
        "response": {}
    },
    "{'country': 'US', 'postal_code': '02101'}": {
        "error": "",
        "response": {
            "post code": "02101",
            "country": "United States",
            "country abbreviation": "US",
            "places": [
                {
                    "place name": "Boston",
                    "longitude": "-71.027",
                    "state": "Massachusetts",
                    "state abbreviation": "MA",
                    "latitude": "42.3706"
                }
            ]
        }
    },
    "{'country': 'US', 'postal_code': '02102'}": {
        "error": "",
        "response": {
            "post code": "02102",
            "country": "United States",
            "country abbreviation": "US",
            "places": [
                {
                    "place name": "Boston",
                    "longitude": "-70.9196",
                    "state": "Massachusetts",
                    "state abbreviation": "MA",
                    "latitude": "42.3389"
                }
            ]
        }
    },
    "{'country': 'United States', 'postal_code': '33121'}": {
        "error": "",
        "response": {}
    },
    "{'country': 'US', 'postal_code': '<zip_code>'}": {
        "error": "",
        "response": {}
    },
    "{'country': 'us', 'postal_code': '92101'}": {
        "error": "",
        "response": {
            "post code": "92101",
            "country": "United States",
            "country abbreviation": "US",
            "places": [
                {
                    "place name": "San Diego",
                    "longitude": "-117.1593",
                    "state": "California",
                    "state abbreviation": "CA",
                    "latitude": "32.7185"
                }
            ]
        }
    },
    "{'country': 'us', 'postal_code': '92122'}": {
        "error": "",
        "response": {
            "post code": "92122",
            "country": "United States",
            "country abbreviation": "US",
            "places": [
                {
                    "place name": "San Diego",
                    "longitude": "-117.2115",
                    "state": "California",
                    "state abbreviation": "CA",
                    "latitude": "32.8577"
                }
            ]
        }
    },
    "{'country': 'USA', 'postal_code': '90001'}": {
        "error": "",
        "response": {}
    },
    "{'country': 'United States', 'postal_code': '<current_zip_code>'}": {
        "error": "",
        "response": {}
    },
    "{'country': 'United States', 'postal_code': 'new_city'}": {
        "error": "",
        "response": {}
    },
    "{'country': 'US', 'postal_code': '90212'}": {
        "error": "",
        "response": {
            "post code": "90212",
            "country": "United States",
            "country abbreviation": "US",
            "places": [
                {
                    "place name": "Beverly Hills",
                    "longitude": "-118.3995",
                    "state": "California",
                    "state abbreviation": "CA",
                    "latitude": "34.0619"
                }
            ]
        }
    },
    "{'country': 'Maldives', 'postal_code': '20026'}": {
        "error": "",
        "response": {}
    },
    "{'country': 'ES', 'postal_code': '08001'}": {
        "error": "",
        "response": {
            "post code": "08001",
            "country": "Spain",
            "country abbreviation": "ES",
            "places": [
                {
                    "place name": "Barcelona",
                    "longitude": "2.1685",
                    "state": "Cataluna",
                    "state abbreviation": "CT",
                    "latitude": "41.3818"
                }
            ]
        }
    },
    "{'country': 'GB', 'postal_code': 'EC1A'}": {
        "error": "",
        "response": {
            "post code": "EC1A",
            "country": "Great Britain",
            "country abbreviation": "GB",
            "places": [
                {
                    "place name": "London",
                    "longitude": "-0.1257",
                    "state": "England",
                    "state abbreviation": "ENG",
                    "latitude": "51.5085"
                }
            ]
        }
    },
    "{'country': 'GB', 'postal_code': 'WC2N 5DU'}": {
        "error": "",
        "response": {}
    },
    "{'country': 'GB', 'postal_code': 'SW1A 1AA'}": {
        "error": "",
        "response": {}
    },
    "{'country': 'IT', 'postal_code': '00100'}": {
        "error": "",
        "response": {
            "post code": "00100",
            "country": "Italy",
            "country abbreviation": "IT",
            "places": [
                {
                    "place name": "Roma",
                    "longitude": "12.4833",
                    "state": "Lazio",
                    "state abbreviation": "LZ",
                    "latitude": "41.9"
                }
            ]
        }
    },
    "{'country': 'FR', 'postal_code': '75001'}": {
        "error": "",
        "response": {
            "post code": "75001",
            "country": "France",
            "country abbreviation": "FR",
            "places": [
                {
                    "place name": "Paris 01 Louvre",
                    "longitude": "2.3417",
                    "state": "Île-de-France",
                    "state abbreviation": "A8",
                    "latitude": "48.8592"
                }
            ]
        }
    },
    "{'country': 'FR', 'postal_code': '75002'}": {
        "error": "",
        "response": {
            "post code": "75002",
            "country": "France",
            "country abbreviation": "FR",
            "places": [
                {
                    "place name": "Paris 02 Bourse",
                    "longitude": "2.3426",
                    "state": "Île-de-France",
                    "state abbreviation": "A8",
                    "latitude": "48.8655"
                }
            ]
        }
    },
    "{'country': 'DE', 'postal_code': '10115'}": {
        "error": "",
        "response": {
            "post code": "10115",
            "country": "Germany",
            "country abbreviation": "DE",
            "places": [
                {
                    "place name": "Berlin",
                    "longitude": "13.3922",
                    "state": "Berlin",
                    "state abbreviation": "BE",
                    "latitude": "52.532"
                }
            ]
        }
    },
    "{'country': 'GB', 'postal_code': 'W1A 1AA'}": {
        "error": "",
        "response": {}
    },
    "{'country': 'GB', 'postal_code': 'EC1A 1BB'}": {
        "error": "",
        "response": {}
    },
    "{'country': 'GB', 'postal_code': 'SW1A 0AA'}": {
        "error": "",
        "response": {}
    },
    "{'country': 'UK', 'postal_code': 'SW1A 1AA'}": {
        "error": "",
        "response": {}
    },
    "{'country': 'United Kingdom', 'postal_code': 'SW1A 1AA'}": {
        "error": "",
        "response": {}
    },
    "{'country': 'GB', 'postal_code': 'SW1A'}": {
        "error": "",
        "response": {
            "post code": "SW1A",
            "country": "Great Britain",
            "country abbreviation": "GB",
            "places": [
                {
                    "place name": "Westminster Abbey",
                    "longitude": "-0.1966",
                    "state": "England",
                    "state abbreviation": "ENG",
                    "latitude": "51.4841"
                }
            ]
        }
    },
    "{'country': 'Brazil', 'postal_code': '20000-000'}": {
        "error": "",
        "response": {}
    },
    "{'country': 'China', 'postal_code': '100000'}": {
        "error": "",
        "response": {}
    },
    "{'country': 'Canada', 'postal_code': 'M5V 2E9'}": {
        "error": "",
        "response": {}
    },
    "{'country': 'Canada', 'postal_code': 'M5V 2S8'}": {
        "error": "",
        "response": {}
    },
    "{'country': 'France', 'postal_code': '75001'}": {
        "error": "",
        "response": {}
    },
    "{'country': 'France', 'postal_code': '92100'}": {
        "error": "",
        "response": {}
    },
    "{'country': 'Canada', 'postal_code': 'M5V 2T6'}": {
        "error": "",
        "response": {}
    },
    "{'country': 'United Kingdom', 'postal_code': 'W1D 4FA'}": {
        "error": "",
        "response": {}
    },
    "{'country': 'Australia', 'postal_code': '2000'}": {
        "error": "",
        "response": {}
    },
    "{'country': 'Germany', 'postal_code': '10178'}": {
        "error": "",
        "response": {}
    },
    "{'country': 'Canada', 'postal_code': 'M5V 3M2'}": {
        "error": "",
        "response": {}
    },
    "{'country': 'United States', 'postal_code': '20001'}": {
        "error": "",
        "response": {}
    },
    "{'country': 'United States', 'postal_code': '33101'}": {
        "error": "",
        "response": {}
    }
}